livello1,livello2,livello3
Ecity,Illuminazione pubblica,Illuminazione a led
Ecity,Illuminazione pubblica,Tecnologie di telecontrollo
Ecity,Illuminazione pubblica,Illuminazione adattiva
Ecity,Illuminazione pubblica,Juice Lamp
Ecity,Illuminazione architetturale,
Ecity,Smart City,
Ecity,Arredo urbano,Juice Shelter
Ecity,Arredo urbano,Juice Park
Ecity,Arredo urbano,Juice Lamp
Ecity,Arredo urbano,Enel X e-Bench
Ecity,Arredo urbano,Enel X e-Bike
Ecity,Arredo urbano,Schermi digitali
Ecity,Trasporto pubblico elettrico,
Ecity,Efficienza energetica per edifici pubblici,
Ecity,Fibra ottica,
Ecity,Come aderire,
Ecity,Una citt√† digitale,