livello1,livello2,livello3,livello4
home,vivere con la sordocecità,malattie rare,sindrome di usher
home,vivere con la sordocecità,malattie rare,sindrome di charge
home,vivere con la sordocecità,le nostre storie,conosci Agostino
home,vivere con la sordocecità,le nostre storie,conosci Noemi
home,vivere con la sordocecità,le nostre storie,conosci Alberto
home,vivere con la sordocecità,le nostre storie,conosci Sofia
home,vivere con la sordocecità,le nostre storie,conosci Massimo
home,vivere con la sordocecità,comunicare oltre le parole,comunicare con il tatto
home,vivere con la sordocecità,comunicare oltre le parole,comunicare con i gesti
home,vivere con la sordocecità,comunicare oltre le parole,comunicare con le immagini
home,vivere con la sordocecità,comunicare oltre le parole,ausili tecnologici
home,cosa facciamo noi,riabilitazione e sostegno,il nostro metodo
home,cosa facciamo noi,riabilitazione e sostegno,i laboratori
home,cosa facciamo noi,riabilitazione e sostegno,supporto alla famiglia
home,cosa facciamo noi,ricerca e formazione,
home,cosa facciamo noi,la documentazione,
home,cosa puoi fare tu,dona,donazione singola
home,cosa puoi fare tu,dona,donazione regolare
home,cosa puoi fare tu,dona,dona per un progetto
home,cosa puoi fare tu,dona,dona in memoria
home,cosa puoi fare tu,dona,dona con un evento
home,cosa puoi fare tu,5 x mille,
home,cosa puoi fare tu,regala la solidarietà,bomboniere per ogni occasione
home,cosa puoi fare tu,regala la solidarietà,regali dal cuore
home,cosa puoi fare tu,lasciti e testamenti,
home,cosa puoi fare tu,diventa volontario,
home,cosa puoi fare tu,sei un'azienda?,donazione libera
home,cosa puoi fare tu,sei un'azienda?,5 x mille
home,cosa puoi fare tu,sei un'azienda?,sponsorizza un evento
home,cosa puoi fare tu,sei un'azienda?,collabora con noi
home,cosa puoi fare tu,sei un'azienda?,auguri di Natale
home,resta aggiornato,news e blog,progetti e iniziative
home,resta aggiornato,news e blog,impariamo insieme
home,resta aggiornato,news e blog,corsi e bandi
home,resta aggiornato,news e blog,campagne
home,resta aggiornato,news e blog,testimonianze
home,resta aggiornato,la giornata del sostenitore,edizioni passate
home,top menu,chi siamo,il filo d'oro
home,top menu,chi siamo,i nostri centri in Italia
home,top menu,chi siamo,L'associazione in numeri
home,top menu,chi siamo,Rapporti con le istituzioni
home,top menu,chi siamo,Collaborazioni internazionali
home,top menu,entra nel team,
home,top menu,area utente,
home,top menu,dona ora,